date,price,volume
05/01/2018,2654.8,557716864
04/30/2018,2648.05,694642624
04/27/2018,2669.91,519061824
04/26/2018,2666.94,628367360
04/25/2018,2639.4,558914880
04/24/2018,2634.56,626587520
04/23/2018,2670.29,516444640
04/20/2018,2670.14,705811904
04/19/2018,2693.13,529131104
04/18/2018,2708.64,493300864
04/17/2018,2706.39,496520320
04/16/2018,2677.84,510375008
04/13/2018,2656.3,489340288
04/12/2018,2663.99,514725664
04/11/2018,2642.19,472679680
04/10/2018,2656.87,596218816
04/09/2018,2613.16,564683200
04/06/2018,2604.47,636953472
04/05/2018,2662.84,530434816
04/04/2018,2644.69,624103744
04/03/2018,2614.45,631017024
04/02/2018,2581.88,713793280
03/29/2018,2640.87,746031744
03/28/2018,2605,683146304
03/27/2018,2612.62,686582464
03/26/2018,2658.55,674796160
03/23/2018,2588.26,710385984
03/22/2018,2643.69,684188544
03/21/2018,2711.93,539818624
03/20/2018,2716.94,569771392
03/19/2018,2712.92,634327104
03/16/2018,2752.01,1678756352
03/15/2018,2747.33,517766592
03/14/2018,2749.48,587912192
03/13/2018,2765.31,604760704
03/12/2018,2783.02,586466816
03/09/2018,2786.57,580604672
03/08/2018,2738.97,525022528
03/07/2018,2726.8,569775616
03/06/2018,2728.12,559826304
03/05/2018,2720.94,619738240
03/02/2018,2691.25,646045376
03/01/2018,2677.67,737841536
02/28/2018,2713.83,750778944
02/27/2018,2744.28,621882496
02/26/2018,2779.6,559643200
02/23/2018,2747.3,488629024
02/22/2018,2703.96,539433024
02/21/2018,2701.33,594961088
02/20/2018,2716.26,571354624
02/16/2018,2732.22,669882624
02/15/2018,2731.2,571606592
02/14/2018,2698.63,632361856
02/13/2018,2662.94,538762304
02/12/2018,2656,757736640
02/09/2018,2619.55,986284480
02/08/2018,2581,880613312
02/07/2018,2681.66,766057152
02/06/2018,2695.14,1090149632
02/05/2018,2648.94,1000762688
02/02/2018,2762.13,712515008
02/01/2018,2821.98,623001920
01/31/2018,2823.81,815230656
01/30/2018,2822.43,600917632
01/29/2018,2853.53,544693440
01/26/2018,2872.87,569404096
01/25/2018,2839.25,553948736
01/24/2018,2837.54,609308032
01/23/2018,2839.13,545995328
01/22/2018,2832.97,603357888
01/19/2018,2810.3,753914944
01/18/2018,2798.03,592316928
01/17/2018,2802.56,633506688
01/16/2018,2776.42,711573760
01/12/2018,2786.24,583103744
01/11/2018,2767.56,493747520
01/10/2018,2748.23,529855584
01/09/2018,2751.29,509578336
01/08/2018,2747.71,531091968
01/05/2018,2743.15,534970176
01/04/2018,2723.99,561303616
01/03/2018,2713.06,540193344
01/02/2018,2695.81,513863968
12/29/2017,2673.61,460819392
12/28/2017,2687.54,296034560
12/27/2017,2682.62,335290464
12/26/2017,2680.5,310308128
12/22/2017,2683.34,403668832
12/21/2017,2684.57,511566208
12/20/2017,2679.25,521433856
12/19/2017,2681.47,556473472
12/18/2017,2690.16,608529152
12/15/2017,2675.81,1655377024
12/14/2017,2652.01,529123904
12/13/2017,2662.85,551154880
12/12/2017,2664.11,553661440
12/11/2017,2659.99,510556608
12/08/2017,2651.5,490109088
12/07/2017,2636.98,526053632
12/06/2017,2629.27,531557568
12/05/2017,2629.57,633406080
12/04/2017,2639.44,724762688
12/01/2017,2642.22,670644224
11/30/2017,2647.58,1041514112
11/29/2017,2626.07,653621696
11/28/2017,2627.04,542768320
11/27/2017,2601.42,481797344
11/24/2017,2602.42,204379840
11/22/2017,2597.08,421544128
11/21/2017,2599.03,505692192
11/20/2017,2582.14,466385440
11/17/2017,2578.85,589985856
11/16/2017,2585.64,498027328
11/15/2017,2564.62,522600480
11/14/2017,2578.87,534119200
11/13/2017,2584.84,509487488
11/10/2017,2582.3,514540512
11/09/2017,2584.62,534229760
11/08/2017,2594.38,509991840
11/07/2017,2590.64,546661696
11/06/2017,2591.13,563277248
11/03/2017,2587.84,522405568
11/02/2017,2579.85,588411392
11/01/2017,2579.36,546676224
10/31/2017,2575.26,625261376
10/30/2017,2572.83,569441664
10/27/2017,2581.07,645607680
10/26/2017,2560.4,563772800
10/25/2017,2557.15,613367104
10/24/2017,2569.13,504318912
10/23/2017,2564.98,515870016
10/20/2017,2575.21,631304960
10/19/2017,2562.1,475108288
10/18/2017,2561.26,426160032
10/17/2017,2559.36,443986592
10/16/2017,2557.64,436332864
10/13/2017,2553.17,498032320
10/12/2017,2550.93,548844608
10/11/2017,2555.24,486225600
10/10/2017,2550.64,429347584
10/09/2017,2544.73,397803008
10/06/2017,2549.33,452348256
10/05/2017,2552.07,454529760
10/04/2017,2537.74,436084928
10/03/2017,2534.58,424599456
10/02/2017,2529.12,471297248
09/29/2017,2519.36,533211296
09/28/2017,2510.06,469559328
09/27/2017,2507.04,522364512
09/26/2017,2496.84,471032576
09/25/2017,2496.66,562565184
09/22/2017,2502.22,452975168
09/21/2017,2500.6,464068032
09/20/2017,2508.24,538366592
09/19/2017,2506.65,501443008
09/18/2017,2503.87,517577760
09/15/2017,2500.23,1435549568
09/14/2017,2495.62,533390848
09/13/2017,2498.37,492139264
09/12/2017,2496.48,490923936
09/11/2017,2488.11,515684192
09/08/2017,2461.43,501930912
09/07/2017,2465.1,516386816
09/06/2017,2465.54,539031424
09/05/2017,2457.85,554135360
09/01/2017,2476.55,403108736
08/31/2017,2471.65,645209408
08/30/2017,2457.59,411660384
08/29/2017,2446.3,404549824
08/28/2017,2444.24,424021664
08/25/2017,2443.05,424178880
08/24/2017,2438.97,470044928
08/23/2017,2444.04,429162720
08/22/2017,2452.51,429507296
08/21/2017,2428.37,461494144
08/18/2017,2425.55,604768320
08/17/2017,2430.01,522122272
08/16/2017,2468.11,447838176
08/15/2017,2464.61,440317344
08/14/2017,2465.84,460363456
08/11/2017,2441.32,442234816
08/10/2017,2438.21,544085440
08/09/2017,2474.02,462661152
08/08/2017,2474.92,459725408
08/07/2017,2480.91,451477344
08/04/2017,2476.83,497282496
08/03/2017,2472.16,511922112
08/02/2017,2477.57,549613504
08/01/2017,2476.35,520941056
07/31/2017,2470.3,691834816
07/28/2017,2472.1,505672256
07/27/2017,2475.42,654796160
07/26/2017,2477.83,546161216
07/25/2017,2477.13,649138688
07/24/2017,2469.91,586387584
07/21/2017,2472.54,562308032
07/20/2017,2473.45,510915136
07/19/2017,2473.83,466561984
07/18/2017,2460.61,434709856
07/17/2017,2459.14,436852384
07/14/2017,2459.27,439411168
07/13/2017,2447.83,487474688
07/12/2017,2443.25,492047456
07/11/2017,2425.53,463115296
07/10/2017,2427.43,490786848
07/07/2017,2425.18,458121632
07/06/2017,2409.75,554020288
07/05/2017,2432.54,568417856
07/03/2017,2429.01,340988864
06/30/2017,2423.41,641278784
06/29/2017,2419.7,627587456
06/28/2017,2440.69,510888128
06/27/2017,2419.38,546610368
06/26/2017,2439.07,483460704
06/23/2017,2438.3,1058563840
06/22/2017,2434.5,527670752
06/21/2017,2435.61,530549984
06/20/2017,2437.03,505505504
06/19/2017,2453.46,513416992
06/16/2017,2433.15,1613763200
06/15/2017,2432.46,595104704
06/14/2017,2437.92,611088192
06/13/2017,2440.35,674152896
06/12/2017,2429.39,731444160
06/09/2017,2431.77,755077696
06/08/2017,2433.79,655839936
06/07/2017,2433.14,568594752
06/06/2017,2429.33,530720320
06/05/2017,2436.1,444087680
06/02/2017,2439.07,563766272
06/01/2017,2430.06,574309376
05/31/2017,2411.8,922617920
05/30/2017,2412.91,472129088
05/26/2017,2415.82,399884640
05/25/2017,2415.07,509979648
05/24/2017,2404.39,463387968
05/23/2017,2398.42,466396640
05/22/2017,2394.02,495129440
05/19/2017,2381.73,710908800
05/18/2017,2365.72,603568768
05/17/2017,2357.03,705108864
05/16/2017,2400.67,504811424
05/15/2017,2402.32,511578336
05/12/2017,2390.9,458846240
05/11/2017,2394.44,512932992
05/10/2017,2399.63,493871264
05/09/2017,2396.92,493834304
05/08/2017,2399.38,511529376
05/05/2017,2399.29,477040928
05/04/2017,2389.52,563427392
05/03/2017,2388.13,573168384
05/02/2017,2391.17,590628416
05/01/2017,2388.33,496560352
04/28/2017,2384.2,647741952
04/27/2017,2388.77,561146240
04/26/2017,2387.45,561433280
04/25/2017,2388.61,582878336
04/24/2017,2374.15,589409856
04/21/2017,2348.69,616382784
04/20/2017,2355.84,560586624
04/19/2017,2338.17,507986368
04/18/2017,2342.19,467053408
04/17/2017,2349.01,444402016
04/13/2017,2328.95,471753952
04/12/2017,2344.93,503213824
04/11/2017,2353.78,480921856
04/10/2017,2357.16,432266656
04/07/2017,2355.54,463260800
04/06/2017,2357.49,521533216
04/05/2017,2352.95,555957696
04/04/2017,2360.16,482138592
04/03/2017,2358.84,639247488
03/31/2017,2362.72,619866624
03/30/2017,2368.06,488974624
03/29/2017,2361.13,448709888
03/28/2017,2358.57,513845184
03/27/2017,2341.59,543613888
03/24/2017,2343.98,558691648
03/23/2017,2345.96,517824672
03/22/2017,2348.45,575102656
03/21/2017,2344.02,663260416
03/20/2017,2373.47,491568832
03/17/2017,2378.25,1613420288
03/16/2017,2381.38,503386528
03/15/2017,2385.26,538715712
03/14/2017,2365.45,446149088
03/13/2017,2373.47,471549472
03/10/2017,2372.6,532686368
03/09/2017,2364.87,514692928
03/08/2017,2362.98,546572160
03/07/2017,2368.39,498067968
03/06/2017,2375.31,518955680
03/03/2017,2383.12,491616768
03/02/2017,2381.92,529614144
03/01/2017,2395.96,658417408
02/28/2017,2363.64,769353088
02/27/2017,2369.75,487223840
02/24/2017,2367.34,610653760
02/23/2017,2363.81,552145088
02/22/2017,2362.82,521320128
02/21/2017,2365.38,578577920
02/17/2017,2351.16,666246784
02/16/2017,2347.22,536902976
02/15/2017,2349.25,576083840
02/14/2017,2337.58,547310912
02/13/2017,2328.25,502336864
02/10/2017,2316.1,512915072
02/09/2017,2307.87,536921664
02/08/2017,2294.67,534057824
02/07/2017,2293.08,535870208
02/06/2017,2292.56,514444000
02/03/2017,2297.42,565945728
02/02/2017,2280.85,582252928
02/01/2017,2279.55,614381248
01/31/2017,2278.87,762733760
01/30/2017,2280.9,560540864
01/27/2017,2294.69,517517760
01/26/2017,2296.68,589561856
01/25/2017,2298.37,626509888
01/24/2017,2280.07,571145472
01/23/2017,2265.2,534840416
01/20/2017,2271.31,720417216
01/19/2017,2263.69,511723552
01/18/2017,2271.89,510120256
01/17/2017,2267.89,607413824
01/13/2017,2274.64,486472096
01/12/2017,2270.44,478404064
01/11/2017,2275.32,549467584
01/10/2017,2268.9,596464384
01/09/2017,2268.9,532332864
01/06/2017,2276.98,485214848
01/05/2017,2269,573475776
01/04/2017,2270.75,573172224
01/03/2017,2257.83,649219392
12/30/2016,2238.83,544797760
12/29/2016,2249.26,344968992
12/28/2016,2249.92,381535168
12/27/2016,2268.88,299941120
12/23/2016,2263.79,304600352
12/22/2016,2260.96,480911520
12/21/2016,2265.18,432626048
12/20/2016,2270.76,518207008
12/19/2016,2262.53,503191680
12/16/2016,2258.07,1497525120
12/15/2016,2262.03,653862656
12/14/2016,2253.28,714113344
12/13/2016,2271.72,592540480
12/12/2016,2256.96,631895168
12/09/2016,2259.53,556353856
12/08/2016,2246.19,630279040
12/07/2016,2241.35,710260224
12/06/2016,2212.23,552502592
12/05/2016,2204.71,627944512
12/02/2016,2191.95,593367872
12/01/2016,2191.08,750913728
11/30/2016,2198.81,1060169600
11/29/2016,2204.66,588951872
11/28/2016,2201.72,567041344
11/25/2016,2213.35,262991648
11/23/2016,2204.72,526711808
11/22/2016,2202.94,599368512
11/21/2016,2198.18,578108160
11/18/2016,2181.9,676655488
11/17/2016,2187.12,576173696
11/16/2016,2176.94,580519552
11/15/2016,2180.39,694344960
11/14/2016,2164.2,807422080
11/11/2016,2164.45,745938112
11/10/2016,2167.48,1010327936
11/09/2016,2163.26,1010754304
11/08/2016,2139.56,559758144
11/07/2016,2131.52,612269376
11/04/2016,2085.18,627701120
11/03/2016,2088.66,599409920
11/02/2016,2097.94,654469248
11/01/2016,2111.72,721729792
10/31/2016,2126.15,675902400
10/28/2016,2126.41,646184448
10/27/2016,2133.04,619899264
10/26/2016,2139.43,566869952
10/25/2016,2143.16,535705920
10/24/2016,2151.33,526044352
10/21/2016,2141.16,658777088
10/20/2016,2141.34,578266432
10/19/2016,2144.29,556265600
10/18/2016,2139.6,492689952
10/17/2016,2126.5,485674848
10/14/2016,2132.98,554272896
10/13/2016,2132.55,572529600
10/12/2016,2139.18,463375712
10/11/2016,2136.73,584017408
10/10/2016,2163.66,457736256
10/07/2016,2153.74,625974912
10/06/2016,2160.77,521499520
10/05/2016,2159.73,604384192
10/04/2016,2150.49,569704512
10/03/2016,2161.2,520611104
09/30/2016,2168.27,816814784
09/29/2016,2151.13,627600320
09/28/2016,2171.37,562615232
09/27/2016,2159.93,540297216
09/26/2016,2146.1,527219744
09/23/2016,2164.69,546693440
09/22/2016,2177.18,548107200
09/21/2016,2163.12,593312896
09/20/2016,2139.76,490323872
09/19/2016,2139.12,519131168
09/16/2016,2139.16,1486526848
09/15/2016,2147.26,590921280
09/14/2016,2125.77,621661632
09/13/2016,2127.02,679321024
09/12/2016,2159.04,686449344
09/09/2016,2127.81,742157440
09/08/2016,2181.3,535837216
09/07/2016,2186.16,518807040
09/06/2016,2186.48,583417280
09/02/2016,2179.98,497007424
09/01/2016,2170.86,511280608
08/31/2016,2170.95,664761728
08/30/2016,2176.12,474472896
08/29/2016,2180.38,437755392
08/26/2016,2169.04,498829888
08/25/2016,2172.47,463389440
08/24/2016,2175.44,477227808
08/23/2016,2186.9,471610304
08/22/2016,2182.64,467648128
08/19/2016,2183.87,587731072
08/18/2016,2187.02,519736000
08/17/2016,2182.22,506526016
08/16/2016,2178.15,493458112
08/15/2016,2190.15,452636224
08/12/2016,2184.05,451102272
08/11/2016,2185.79,483575456
08/10/2016,2175.49,449371616
08/09/2016,2181.74,432802336
08/08/2016,2180.89,495554912
08/05/2016,2182.87,577388096
08/04/2016,2164.25,501016000
08/03/2016,2163.79,547067200
08/02/2016,2157.03,625147776
08/01/2016,2170.84,551066560
07/29/2016,2173.6,796477568
07/28/2016,2170.06,570797376
07/27/2016,2166.58,672506752
07/26/2016,2169.18,552977664
07/25/2016,2168.48,544409408
07/22/2016,2175.03,535182624
07/21/2016,2165.17,565301120
07/20/2016,2173.02,506695648
07/19/2016,2163.78,525463328
07/18/2016,2166.89,492298272
07/15/2016,2161.74,653723648
07/14/2016,2163.75,538126272
07/13/2016,2152.43,522404448
07/12/2016,2152.14,611009216
07/11/2016,2137.16,530575168
07/08/2016,2129.9,603899968
07/07/2016,2097.9,553889536
07/06/2016,2099.73,656260672
07/05/2016,2088.55,656770496
07/01/2016,2102.95,560020608
06/30/2016,2098.86,904116096
06/29/2016,2070.77,700682624
06/28/2016,2036.09,727735808
06/27/2016,2000.54,894062528
06/24/2016,2037.41,1417686656
06/23/2016,2113.32,531486240
06/22/2016,2085.45,524383936
06/21/2016,2088.9,541656256
06/20/2016,2083.25,604926912
06/17/2016,2071.22,1309407488
06/16/2016,2077.99,560644736
06/15/2016,2071.5,583906304
06/14/2016,2075.32,587042304
06/13/2016,2079.06,569050816
06/10/2016,2096.07,560316672
06/09/2016,2115.48,494302304
06/08/2016,2119.12,504334528
06/07/2016,2112.13,547234432
06/06/2016,2109.41,539604224
06/03/2016,2099.13,577616768
06/02/2016,2105.26,637598272
06/01/2016,2099.33,574237504
05/31/2016,2096.96,913199936
05/27/2016,2099.06,520205696
05/26/2016,2090.1,487242912
05/25/2016,2090.54,589978688
05/24/2016,2076.06,566247808
05/23/2016,2048.04,530526976
05/20/2016,2052.32,725380864
05/19/2016,2040.04,595418112
05/18/2016,2047.63,564732992
05/17/2016,2047.21,694138688
05/16/2016,2066.66,579641216
05/13/2016,2046.61,575820096
05/12/2016,2064.11,597079552
05/11/2016,2064.46,588437248
05/10/2016,2084.39,526241664
05/09/2016,2058.69,562123392
05/06/2016,2057.14,595556032
05/05/2016,2050.63,606989440
05/04/2016,2051.12,634264320
05/03/2016,2063.37,642409216
05/02/2016,2081.43,608904704
04/29/2016,2065.3,895628992
04/28/2016,2075.81,700338112
04/27/2016,2095.15,686670720
04/26/2016,2091.7,608550464
04/25/2016,2087.79,551214976
04/22/2016,2091.58,712585792
04/21/2016,2091.48,661881152
04/20/2016,2102.4,630234240
04/19/2016,2100.8,606757632
04/18/2016,2094.34,559823936
04/15/2016,2080.73,708648704
04/14/2016,2082.78,573460480
04/13/2016,2082.42,643524672
04/12/2016,2061.72,599364032
04/11/2016,2041.99,597863168
04/08/2016,2047.6,551728320
04/07/2016,2041.91,648415872
04/06/2016,2066.66,595344896
04/05/2016,2045.17,676197056
04/04/2016,2066.13,546680384
04/01/2016,2072.78,666015104
03/31/2016,2059.74,651556864
03/30/2016,2063.95,527219872
03/29/2016,2055.01,590708224
03/28/2016,2037.05,470922944
03/24/2016,2035.94,610855616
03/23/2016,2036.71,551169600
03/22/2016,2049.8,564581888
03/21/2016,2051.6,546117120
03/18/2016,2049.58,1755882112
03/17/2016,2040.59,668462080
03/16/2016,2027.22,625199104
03/15/2016,2015.93,537918144
03/14/2016,2019.64,552448576
03/11/2016,2022.19,651166528
03/10/2016,1989.57,679497152
03/09/2016,1989.26,617763136
03/08/2016,1979.26,716139584
03/07/2016,2001.76,671945728
03/04/2016,1999.99,798710592
03/03/2016,1993.4,676537152
03/02/2016,1986.45,688728960
03/01/2016,1978.35,754116160
02/29/2016,1932.23,865264000
02/26/2016,1948.05,683476544
02/25/2016,1951.7,605223616
02/24/2016,1929.8,671767104
02/23/2016,1921.27,640289664
02/22/2016,1945.5,680678400
02/19/2016,1917.78,879010688
02/18/2016,1917.83,742292224
02/17/2016,1926.82,827137664
02/16/2016,1895.58,854329536
02/12/2016,1864.78,810026560
02/11/2016,1829.08,967843712
02/10/2016,1851.86,772848128
02/09/2016,1852.21,857851712
02/08/2016,1853.44,1030158592
02/05/2016,1880.05,878323648
02/04/2016,1915.45,886268416
02/03/2016,1912.53,936651584
02/02/2016,1903.03,816298560
02/01/2016,1939.38,724321536
01/29/2016,1940.24,1230857984
01/28/2016,1893.36,833137472
01/27/2016,1882.95,813037568
01/26/2016,1903.63,707140736
01/25/2016,1877.08,773700224
01/22/2016,1906.9,821294080
01/21/2016,1868.99,865664320
01/20/2016,1859.33,1092011008
01/19/2016,1881.33,891805760
01/15/2016,1880.33,1206742784
01/14/2016,1921.84,931479040
01/13/2016,1890.28,886396800
01/12/2016,1938.68,768301056
01/11/2016,1923.67,788334720
01/08/2016,1922.03,819684992
01/07/2016,1943.09,876560192
01/06/2016,1990.26,745563264
01/05/2016,2016.71,629042368
01/04/2016,2012.66,817659264
12/31/2015,2043.94,487696736
12/30/2015,2063.36,339059456
12/29/2015,2078.36,389239744
12/28/2015,2056.5,374236032
12/24/2015,2060.99,252714208
12/23/2015,2064.29,553948480
12/22/2015,2038.97,559953152
12/21/2015,2021.15,615865536
12/18/2015,2005.55,1822321920
12/17/2015,2041.89,655534848
12/16/2015,2073.07,690050304
12/15/2015,2043.41,702379904
12/14/2015,2021.94,785086720
12/11/2015,2012.37,729383744
12/10/2015,2052.23,610605888
12/09/2015,2047.62,754895424
12/08/2015,2063.59,677047680
12/07/2015,2077.07,648025216
12/04/2015,2091.69,751361856
12/03/2015,2049.62,761989440
12/02/2015,2079.51,661109504
12/01/2015,2102.63,599103616
11/30/2015,2080.41,830705216
11/27/2015,2090.11,243529344
11/25/2015,2088.87,449950496
11/24/2015,2089.14,615626560
11/23/2015,2086.59,580602624
11/20/2015,2089.17,701089728
11/19/2015,2081.24,557110912
11/18/2015,2083.58,618006848
11/17/2015,2050.44,684883712
11/16/2015,2053.19,615213568
11/13/2015,2023.04,661114496
11/12/2015,2045.97,583695424
11/11/2015,2075,520282624
11/10/2015,2081.72,573263360
11/09/2015,2078.58,675291904
11/06/2015,2099.2,673627648
11/05/2015,2099.93,602367808
11/04/2015,2102.31,630789568
11/03/2015,2109.79,597109248
11/02/2015,2104.05,591491584
10/30/2015,2079.36,802944896
10/29/2015,2089.41,558104768
10/28/2015,2090.35,672605248
10/27/2015,2065.89,671603776
10/26/2015,2071.18,615001472
10/23/2015,2075.15,764446656
10/22/2015,2052.51,801515328
10/21/2015,2018.94,634937600
10/20/2015,2030.77,579182592
10/19/2015,2033.66,607649280
10/16/2015,2033.11,720990848
10/15/2015,2023.86,686490624
10/14/2015,1994.24,640033792
10/13/2015,2003.69,579995008
10/12/2015,2017.46,473699392
10/09/2015,2014.89,631965696
10/08/2015,2013.43,614973760
10/07/2015,1995.83,743747840
10/06/2015,1979.92,687947648
10/05/2015,1987.05,733824256
10/02/2015,1951.36,785596224
10/01/2015,1923.82,687303616
09/30/2015,1920.03,862550144
09/29/2015,1884.09,768309120
09/28/2015,1881.77,811109376
09/25/2015,1931.34,700778880
09/24/2015,1932.24,725975744
09/23/2015,1938.76,514180064
09/22/2015,1942.74,704628608
09/21/2015,1966.97,585108352
09/18/2015,1958.03,1874791168
09/17/2015,1990.2,717577856
09/16/2015,1995.31,606996224
09/15/2015,1978.09,558803072
09/14/2015,1953.03,564066048
09/11/2015,1961.05,599817920
09/10/2015,1952.29,678267456
09/09/2015,1942.04,703961664
09/08/2015,1969.41,704348736
09/04/2015,1921.22,675811648
09/03/2015,1951.13,642895104
09/02/2015,1948.86,745239040
09/01/2015,1913.85,884847040
08/31/2015,1972.18,775156608
08/28/2015,1988.87,730504000
08/27/2015,1987.66,937936192
08/26/2015,1940.51,1047032768
08/25/2015,1867.61,1063062848
08/24/2015,1893.21,1350121472
08/21/2015,1970.89,1077363072
08/20/2015,2035.73,686628352
08/19/2015,2079.61,578300480
08/18/2015,2096.92,453743648
08/17/2015,2102.44,432682560
08/14/2015,2091.54,458014432
08/13/2015,2083.39,524653856
08/12/2015,2086.05,654851200
08/11/2015,2084.07,572683712
08/10/2015,2104.18,545988160
08/07/2015,2077.57,538228032
08/06/2015,2083.56,621613696
08/05/2015,2099.84,586582464
08/04/2015,2093.32,552836992
08/03/2015,2098.04,554008960
07/31/2015,2103.84,651341056
07/30/2015,2108.63,513199040
07/29/2015,2108.57,579763776
07/28/2015,2093.25,620626560
07/27/2015,2067.64,667212992
07/24/2015,2079.65,629186496
07/23/2015,2102.15,593052480
07/22/2015,2114.15,619434368
07/21/2015,2119.21,566156224
07/20/2015,2128.28,509967424
07/17/2015,2126.64,636935424
07/16/2015,2124.29,538689792
07/15/2015,2107.4,547400512
07/14/2015,2108.95,508384000
07/13/2015,2099.6,509909472
07/10/2015,2076.62,495269056
07/09/2015,2051.31,566892224
07/08/2015,2046.68,388666336
07/07/2015,2081.34,639140352
07/06/2015,2068.76,594511232
07/02/2015,2076.78,489734016
07/01/2015,2077.42,536482208
06/30/2015,2063.11,726352256
06/29/2015,2057.64,596336896
06/26/2015,2101.49,939093568
06/25/2015,2102.31,503689792
06/24/2015,2108.58,542556416
06/23/2015,2124.2,458723552
06/22/2015,2122.85,472835104
06/19/2015,2109.99,1262677632
06/18/2015,2121.24,552029248
06/17/2015,2100.44,489365184
06/16/2015,2096.29,423381152
06/15/2015,2084.43,512029184
06/12/2015,2094.11,456747968
06/11/2015,2108.86,548636544
06/10/2015,2105.2,513278144
06/09/2015,2080.15,498462304
06/08/2015,2079.28,494053920
06/05/2015,2092.83,567359104
06/04/2015,2095.84,529531520
06/03/2015,2114.07,474052832
06/02/2015,2109.6,477625184
06/01/2015,2111.73,496321824
05/29/2015,2107.39,768062208
05/28/2015,2120.79,441847488
05/27/2015,2123.48,521363168
05/26/2015,2104.2,565730880
05/22/2015,2126.06,431185120
05/21/2015,2130.82,490181856
05/20/2015,2125.85,519596768
05/19/2015,2127.83,526865184
05/18/2015,2129.2,452532480
05/15/2015,2122.73,615096320
05/14/2015,2121.1,486270432
05/13/2015,2098.48,482084640
05/12/2015,2099.12,479504928
05/11/2015,2105.33,475660096
05/08/2015,2116.1,536169248
05/07/2015,2088,545155584
05/06/2015,2080.15,563782528
05/05/2015,2089.46,546268352
05/04/2015,2114.49,468420992
05/01/2015,2108.29,517351488
04/30/2015,2085.51,696789504
04/29/2015,2106.85,560514752
04/28/2015,2114.76,555166400
04/27/2015,2108.92,601573312
04/24/2015,2117.69,563442048
04/23/2015,2112.93,579433600
04/22/2015,2107.96,532741408
04/21/2015,2097.29,499610688
04/20/2015,2100.4,489427808
04/17/2015,2081.18,671368960
04/16/2015,2104.99,504965120
04/15/2015,2106.63,573306624
04/14/2015,2095.84,459195808
04/13/2015,2092.43,495736640
04/10/2015,2102.06,473559040
04/09/2015,2091.18,483774336
04/08/2015,2081.9,500216192
04/07/2015,2076.33,444401344
04/06/2015,2080.62,610287936
04/02/2015,2066.96,492594688
04/01/2015,2059.69,577114176
03/31/2015,2067.89,671221952
03/30/2015,2086.24,499786176
03/27/2015,2061.02,554212096
03/26/2015,2056.15,629338432
03/25/2015,2061.05,591249664
03/24/2015,2091.5,518017184
03/23/2015,2104.42,505802624
03/20/2015,2108.1,1569085440
03/19/2015,2089.27,538912768
03/18/2015,2099.5,642799488
03/17/2015,2074.28,482915200
03/16/2015,2081.19,549107968
03/13/2015,2053.4,559884480
03/12/2015,2065.95,547397376
03/11/2015,2040.24,547776128
03/10/2015,2044.16,625562688
03/09/2015,2079.43,500131872
03/06/2015,2071.26,663313984
03/05/2015,2101.04,488319360
03/04/2015,2098.53,510419040
03/03/2015,2107.78,505059072
03/02/2015,2117.39,524842816
02/27/2015,2104.5,603843456
02/26/2015,2110.74,511278208
02/25/2015,2113.86,492795808
02/24/2015,2115.48,507302944
02/23/2015,2109.66,503653216
02/20/2015,2110.3,630178304
02/19/2015,2097.45,471760544
02/18/2015,2099.68,466127968
02/17/2015,2100.34,565219584
02/13/2015,2096.99,510418560
02/12/2015,2088.48,577589568
02/11/2015,2068.53,511007616
02/10/2015,2068.59,546738112
02/09/2015,2046.74,513780480
02/06/2015,2055.47,603001728
02/05/2015,2062.52,546894528
02/04/2015,2041.51,650883136
02/03/2015,2050.03,669646400
02/02/2015,2020.85,652420544
01/30/2015,1994.99,919574656
01/29/2015,2021.25,681082880
01/28/2015,2002.16,717223424
01/27/2015,2029.55,602696576
01/26/2015,2057.09,539970176
01/23/2015,2051.82,546891008
01/22/2015,2063.15,653642048
01/21/2015,2032.12,552155584
01/20/2015,2022.55,616621888
01/16/2015,2019.42,742480704
01/15/2015,1992.67,621963008
01/14/2015,2011.27,684866624
01/13/2015,2023.03,624200640
01/12/2015,2028.26,543538944
01/09/2015,2044.81,508986976
01/08/2015,2062.14,614787008
01/07/2015,2025.9,546558976
01/06/2015,2002.61,640380544
01/05/2015,2020.58,621869504
01/02/2015,2058.2,435587744
12/31/2014,2058.9,422132544
12/30/2014,2080.35,315475424
12/29/2014,2090.57,336886208
12/26/2014,2088.77,290110912
12/24/2014,2081.88,229198464
12/23/2014,2082.17,483428768
12/22/2014,2078.54,571130624
12/19/2014,2070.65,1646902272
12/18/2014,2061.23,677713024
12/17/2014,2012.89,671782208
12/16/2014,1972.74,706264960
12/15/2014,1989.63,683460608
12/12/2014,2002.33,671126400
12/11/2014,2035.33,544616384
12/10/2014,2026.14,631221120
12/09/2014,2059.82,545168576
12/08/2014,2060.31,561256448
12/05/2014,2075.37,504616736
12/04/2014,2071.92,505428768
12/03/2014,2074.33,546661120
12/02/2014,2066.55,510403936
12/01/2014,2053.44,564631744
11/28/2014,2067.56,416521408
11/26/2014,2072.83,517876352
11/25/2014,2067.03,597605120
11/24/2014,2069.41,493393984
11/21/2014,2063.5,741511872
11/20/2014,2052.75,467789184
11/19/2014,2048.72,478726752
11/18/2014,2051.8,485794304
11/17/2014,2041.32,495556288
11/14/2014,2039.82,470705056
11/13/2014,2039.33,499429664
11/12/2014,2038.25,485259584
11/11/2014,2039.68,404411296
11/10/2014,2038.26,478569504
11/07/2014,2031.92,525751680
11/06/2014,2031.21,515367744
11/05/2014,2023.57,536628928
11/04/2014,2012.1,543311552
11/03/2014,2017.81,508736448
10/31/2014,2018.05,712729024
10/30/2014,1994.65,524165472
10/29/2014,1982.3,569952512
10/28/2014,1985.05,548310080
10/27/2014,1961.63,491705632
10/24/2014,1964.58,522245824
10/23/2014,1950.82,582502784
10/22/2014,1927.11,655120704
10/21/2014,1941.28,619562176
10/20/2014,1904.01,546459648
10/17/2014,1886.76,821580032
10/16/2014,1862.76,815644928
10/15/2014,1862.49,957773440
10/14/2014,1877.7,717277824
10/13/2014,1874.74,700280192
10/10/2014,1906.13,784976384
10/09/2014,1928.21,629544960
10/08/2014,1968.89,630988928
10/07/2014,1935.1,535635072
10/06/2014,1964.82,451497760
10/03/2014,1967.9,573337856
10/02/2014,1946.17,530950208
10/01/2014,1946.16,612042368
09/30/2014,1972.29,613410880
09/29/2014,1977.8,448843840
09/26/2014,1982.85,482800576
09/25/2014,1965.99,554326976
09/24/2014,1998.3,523858304
09/23/2014,1982.77,535353824
09/22/2014,1994.29,561021440
09/19/2014,2010.4,1578831488
09/18/2014,2011.36,549523328
09/17/2014,2001.57,508634112
09/16/2014,1998.98,490373120
09/15/2014,1984.13,487894016
09/12/2014,1985.54,553889152
09/11/2014,1997.45,420061568
09/10/2014,1995.69,450704896
09/09/2014,1988.44,492285056
09/08/2014,2001.54,472663296
09/05/2014,2007.71,470374464
09/04/2014,1997.65,437703744
09/03/2014,2000.72,408860448
09/02/2014,2002.28,414849152
08/29/2014,2003.37,434091648
08/28/2014,1996.74,327403168
08/27/2014,2000.12,360861728
08/26/2014,2000.02,321244960
08/25/2014,1997.92,347701248
08/22/2014,1988.4,388759008
08/21/2014,1992.37,404517728
08/20/2014,1986.51,387730624
08/19/2014,1981.6,406385920
08/18/2014,1971.74,437281792
08/15/2014,1955.06,608697920
08/14/2014,1955.18,329704736
08/13/2014,1946.72,381970080
08/12/2014,1933.75,361088448
08/11/2014,1936.92,406222624
08/08/2014,1931.59,464022784
08/07/2014,1909.57,482464896
08/06/2014,1920.24,497211520
08/05/2014,1920.21,514760256
08/04/2014,1938.99,478743840
08/01/2014,1925.15,530081184
07/31/2014,1930.67,636984128
07/30/2014,1970.07,501324096
07/29/2014,1969.95,501819168
07/28/2014,1978.91,446608288
07/25/2014,1978.34,429045440
07/24/2014,1987.98,508563520
07/23/2014,1987.01,500128448
07/22/2014,1983.53,442676576
07/21/2014,1973.63,412421888
07/18/2014,1978.22,598989888
07/17/2014,1958.12,570555776
07/16/2014,1981.57,563271424
07/15/2014,1973.28,574597440
07/14/2014,1977.1,413153408
07/11/2014,1967.57,389943168
07/10/2014,1964.68,431707552
07/09/2014,1972.83,424467520
07/08/2014,1963.71,500784960
07/07/2014,1977.65,411961184
07/03/2014,1985.44,372778080
07/02/2014,1974.62,398543776
07/01/2014,1973.32,453395488
06/30/2014,1960.23,543446720
06/27/2014,1960.96,754974656
06/26/2014,1957.22,417090176
06/25/2014,1959.53,469446912
06/24/2014,1949.98,481626688
06/23/2014,1962.61,429726112
06/20/2014,1962.87,1225010560
06/19/2014,1959.48,487951232
06/18/2014,1956.98,450175296
06/17/2014,1941.99,424817824
06/16/2014,1937.78,461743968
06/13/2014,1936.16,454782016
06/12/2014,1930.11,469795936
06/11/2014,1943.89,397056288
06/10/2014,1950.79,412486016
06/09/2014,1951.27,433737152
06/06/2014,1949.44,459428352
06/05/2014,1940.46,439411360
06/04/2014,1927.88,410844640
06/03/2014,1924.24,419737312
06/02/2014,1924.97,383535264
05/30/2014,1923.57,609798400
05/29/2014,1920.03,379231808
05/28/2014,1909.78,421454048
05/27/2014,1911.91,479164000
05/23/2014,1900.53,386249664
05/22/2014,1892.49,398900416
05/21/2014,1888.03,421479296
05/20/2014,1872.83,449739456
05/19/2014,1885.08,444486784
05/16/2014,1877.86,637825152
05/15/2014,1870.85,561061696
05/14/2014,1888.53,437091840
05/13/2014,1897.45,427819552
05/12/2014,1896.65,464325760
05/09/2014,1878.48,488678720
05/08/2014,1875.63,511345760
05/07/2014,1878.21,612165632
05/06/2014,1867.72,490144192
05/05/2014,1884.66,426896864
05/02/2014,1881.14,480716416
05/01/2014,1883.68,482317376
04/30/2014,1883.95,645938432
04/29/2014,1878.33,512177312
04/28/2014,1869.43,666878400
04/25/2014,1863.4,541251200
04/24/2014,1878.61,536761216
04/23/2014,1875.39,496694816
04/22/2014,1879.55,508315648
04/21/2014,1871.89,457800064
04/17/2014,1864.85,686778752
04/16/2014,1862.31,583572672
04/15/2014,1842.98,630045632
04/14/2014,1830.61,544581504
04/11/2014,1815.69,681861312
04/10/2014,1833.08,660580224
04/09/2014,1872.18,543696448
04/08/2014,1851.96,577725696
04/07/2014,1845.04,691982272
04/04/2014,1865.09,668879936
04/03/2014,1888.77,499900992
04/02/2014,1890.9,475492416
04/01/2014,1885.52,528822112
03/31/2014,1872.34,588338496
03/28/2014,1857.62,466573952
03/27/2014,1849.04,598292928
03/26/2014,1852.56,572994880
03/25/2014,1865.62,514678880
03/24/2014,1857.44,609139008
03/21/2014,1866.52,1556334336
03/20/2014,1872.01,481715360
03/19/2014,1860.77,512768832
03/18/2014,1872.25,420516608
03/17/2014,1858.83,474079200
03/14/2014,1841.13,513409536
03/13/2014,1846.34,528187872
03/12/2014,1868.2,459683712
03/11/2014,1867.63,452021728
03/10/2014,1877.17,439330720
03/07/2014,1878.04,507130784
03/06/2014,1877.03,506237536
03/05/2014,1873.81,490908640
03/04/2014,1873.91,555989248
03/03/2014,1845.73,508998560
02/28/2014,1859.45,728624448
02/27/2014,1854.29,517164928
02/26/2014,1845.16,505238592
02/25/2014,1845.12,505512800
02/24/2014,1847.61,705543680
02/21/2014,1836.25,681513728
02/20/2014,1839.78,520620960
02/19/2014,1828.75,530650336
02/18/2014,1840.76,546618496
02/14/2014,1838.63,495117504
02/13/2014,1829.83,542928576
02/12/2014,1819.26,496327680
02/11/2014,1819.75,546459712
02/10/2014,1799.84,498168800
02/07/2014,1797.02,600247744
02/06/2014,1773.43,571755648
02/05/2014,1751.64,590110912
02/04/2014,1755.2,635294336
02/03/2014,1741.89,759497600
01/31/2014,1782.59,776329664
01/30/2014,1794.19,571051008
01/29/2014,1774.2,655960576
01/28/2014,1792.5,526147616
01/27/2014,1781.56,653126528
01/24/2014,1790.29,730151040
01/23/2014,1828.46,593087104
01/22/2014,1844.86,512338816
01/21/2014,1843.8,610444544
01/17/2014,1838.7,819605120
01/16/2014,1845.89,486069664
01/15/2014,1848.38,563999680
01/14/2014,1838.88,521314080
01/13/2014,1819.2,585806720
01/10/2014,1842.37,491739072
01/09/2014,1838.13,529520704
01/08/2014,1837.49,589383168
01/07/2014,1837.88,508596672
01/06/2014,1826.77,500749376
01/03/2014,1831.37,399831232
01/02/2014,1831.98,463338432
12/31/2013,1848.36,399844768
12/30/2013,1841.07,308193088
12/27/2013,1841.4,274879136
12/26/2013,1842.02,298737280
12/24/2013,1833.32,187691760
12/23/2013,1827.99,439203200
12/20/2013,1818.32,1402679296
12/19/2013,1809.6,518257792
12/18/2013,1810.65,702164224
12/17/2013,1781,513352160
12/16/2013,1786.54,537011904
12/13/2013,1775.32,450441536
12/12/2013,1775.5,527653440
12/11/2013,1782.22,561170112
12/10/2013,1802.62,484093248
12/09/2013,1808.37,495544640
12/06/2013,1805.09,516851968
12/05/2013,1785.03,576708544
12/04/2013,1792.81,591186240
12/03/2013,1795.15,535826848
12/02/2013,1800.9,470156032
11/29/2013,1805.81,357478752
11/27/2013,1807.23,380423904
11/26/2013,1802.75,566536576
11/25/2013,1802.48,482740864
11/22/2013,1804.76,450318016
11/21/2013,1795.85,501020576
11/20/2013,1781.37,486419488
11/19/2013,1787.87,471416992
11/18/2013,1791.53,496627680
11/15/2013,1798.18,668120320
11/14/2013,1790.62,526450144
11/13/2013,1782,528086784
11/12/2013,1767.69,457417792
11/11/2013,1771.89,388547616
11/08/2013,1770.61,575603648
11/07/2013,1747.15,602191296
11/06/2013,1770.49,499953728
11/05/2013,1762.97,487444064
11/04/2013,1767.93,431930880
11/01/2013,1761.64,549504320
10/31/2013,1756.54,635805632
10/30/2013,1763.31,480263712
10/29/2013,1771.95,501806208
10/28/2013,1762.11,579556608
10/25/2013,1759.77,541907712
10/24/2013,1752.07,525480416
10/23/2013,1746.38,533654080
10/22/2013,1754.67,569504384
10/21/2013,1744.66,498906016
10/18/2013,1744.5,703510848
10/17/2013,1733.15,542925248
10/16/2013,1721.54,543564800
10/15/2013,1698.06,532916160
10/14/2013,1710.14,424196640
10/11/2013,1703.2,482553184
10/10/2013,1692.56,552177600
10/09/2013,1656.4,574130112
10/08/2013,1655.45,571411520
10/07/2013,1676.12,425290336
10/04/2013,1690.5,440017056
10/03/2013,1678.66,499857024
10/02/2013,1693.87,484326528
10/01/2013,1695,462701056
09/30/2013,1681.55,629131264
09/27/2013,1691.75,489103104
09/26/2013,1698.67,440223488
09/25/2013,1692.77,475587744
09/24/2013,1697.42,509947392
09/23/2013,1701.84,511866176
09/20/2013,1709.91,1383413632
09/19/2013,1722.34,514394016
09/18/2013,1725.52,580426240
09/17/2013,1704.76,425239904
09/16/2013,1697.6,459764480
09/13/2013,1687.99,395148096
09/12/2013,1683.42,459040640
09/11/2013,1689.13,484793056
09/10/2013,1683.99,499155040
09/09/2013,1671.71,440884800
09/06/2013,1655.17,492524608
09/05/2013,1655.08,435460128
09/04/2013,1653.08,530963712
09/03/2013,1639.77,525167808
08/30/2013,1632.97,542310528
08/29/2013,1638.17,389334848
08/28/2013,1634.96,438063040
08/27/2013,1630.48,506000064
08/26/2013,1656.78,416322368
08/23/2013,1663.5,454291296
08/22/2013,1656.96,407240096
08/21/2013,1642.8,479892032
08/20/2013,1652.35,436119584
08/19/2013,1646.06,442953888
08/16/2013,1655.83,650111744
08/15/2013,1661.32,510318464
08/14/2013,1685.39,420471648
08/13/2013,1694.16,413884832
08/12/2013,1689.47,382142528
08/09/2013,1691.42,412941184
08/08/2013,1697.48,453654656
08/07/2013,1690.91,445614144
08/06/2013,1697.37,454070400
08/05/2013,1707.14,369575840
08/02/2013,1709.67,503275552
08/01/2013,1706.87,530951104
07/31/2013,1685.73,664419840
07/30/2013,1685.96,499839296
07/29/2013,1685.33,419819552
07/26/2013,1691.65,466156032
07/25/2013,1690.25,518129216
07/24/2013,1685.94,532656576
07/23/2013,1692.39,459706016
07/22/2013,1695.53,502083104
07/19/2013,1692.09,770584192
07/18/2013,1689.37,539273920
07/17/2013,1680.91,566833088
07/16/2013,1676.26,476974368
07/15/2013,1682.5,427337632
07/12/2013,1680.19,588945728
07/11/2013,1675.02,566455744
07/10/2013,1652.62,509090304
07/09/2013,1652.32,521108576
07/08/2013,1640.46,742917120
07/05/2013,1631.89,430664640
07/03/2013,1615.41,303759136
07/02/2013,1614.08,527795648
07/01/2013,1614.96,526115136
06/28/2013,1606.28,1081289088
06/27/2013,1613.2,518668672
06/26/2013,1603.26,568844608
06/25/2013,1588.03,605506944
06/24/2013,1573.09,700688000
06/21/2013,1592.43,1521151104
06/20/2013,1588.19,783320960
06/19/2013,1628.93,564339840
06/18/2013,1651.81,468885664
06/17/2013,1639.04,517127360
06/14/2013,1626.73,454660192
06/13/2013,1636.36,508786048
06/12/2013,1612.52,496663680
06/11/2013,1626.13,494419744
06/10/2013,1642.81,446790496
06/07/2013,1643.38,588722112
06/06/2013,1622.56,611811968
06/05/2013,1608.9,573941056
06/04/2013,1631.38,567560832
06/03/2013,1640.42,614601792
05/31/2013,1630.74,872444608
05/30/2013,1654.41,525967968
05/29/2013,1648.36,511999488
05/28/2013,1660.06,554619712
05/24/2013,1649.6,449088384
05/23/2013,1650.51,610989376
05/22/2013,1655.35,683490432
05/21/2013,1669.16,513919040
05/20/2013,1666.29,494665952
05/17/2013,1667.47,717787392
05/16/2013,1650.47,562299328
05/15/2013,1658.78,547590400
05/14/2013,1650.34,529472000
05/13/2013,1633.77,455174880
05/10/2013,1633.7,475475488
05/09/2013,1626.67,482900672
05/08/2013,1632.69,516801472
05/07/2013,1625.96,489537536
05/06/2013,1617.5,477645664
05/03/2013,1614.42,528213536
05/02/2013,1597.59,464684416
05/01/2013,1582.7,514984544
04/30/2013,1597.57,676820608
04/29/2013,1593.61,455326880
04/26/2013,1582.24,558080320
04/25/2013,1585.16,591309504
04/24/2013,1578.79,574951040
04/23/2013,1578.78,555077120
04/22/2013,1562.5,520923456
04/19/2013,1555.25,790566336
04/18/2013,1541.61,635698176
04/17/2013,1552.01,708085120
04/16/2013,1574.57,572293824
04/15/2013,1552.36,725229120
04/12/2013,1588.85,538931392
04/11/2013,1593.37,530718944
04/10/2013,1587.73,524612448
04/09/2013,1568.61,521582048
04/08/2013,1563.07,455851968
04/05/2013,1553.28,558288704
04/04/2013,1559.98,481445376
04/03/2013,1553.69,587850944
04/02/2013,1570.25,473640320
04/01/2013,1562.17,422775552
03/28/2013,1569.19,673190912
03/27/2013,1562.85,418415424
03/26/2013,1563.77,417852192
03/25/2013,1551.69,540532352
03/22/2013,1556.89,505786400
03/21/2013,1545.8,524169408
03/20/2013,1558.71,515015072
03/19/2013,1548.34,544881984
03/18/2013,1552.1,507141280
03/15/2013,1560.7,1447565312
03/14/2013,1563.23,504222144
03/13/2013,1554.52,420973952
03/12/2013,1552.48,466648288
03/11/2013,1556.22,450470304
03/08/2013,1551.18,487435904
03/07/2013,1544.26,498992384
03/06/2013,1541.46,502355712
03/05/2013,1539.79,522751872
03/04/2013,1525.2,513849664
03/01/2013,1518.2,548455808
02/28/2013,1514.68,748922944
02/27/2013,1515.99,492036288
02/26/2013,1496.94,579446720
02/25/2013,1487.85,637253824
02/22/2013,1515.6,515547200
02/21/2013,1502.42,599309760
02/20/2013,1511.95,594170816
02/19/2013,1530.94,571763136
02/15/2013,1519.79,811687552
02/14/2013,1521.38,533981152
02/13/2013,1520.33,513566752
02/12/2013,1519.43,489501408
02/11/2013,1517.01,400159936
02/08/2013,1517.93,477527360
02/07/2013,1509.39,553191104
02/06/2013,1512.12,556294272
02/05/2013,1511.29,587275072
02/04/2013,1495.71,584697152
02/01/2013,1513.17,598682816
01/31/2013,1498.11,740722944
01/30/2013,1501.96,569791872
01/29/2013,1507.84,607226816
01/28/2013,1500.18,535161280
01/25/2013,1502.96,570690752
01/24/2013,1494.82,554969600
01/23/2013,1494.81,494336352
01/22/2013,1492.56,569950400
01/18/2013,1485.98,930380416
01/17/2013,1480.94,604124160
01/16/2013,1472.63,513146656
01/15/2013,1472.34,483929760
01/14/2013,1470.68,491726656
01/11/2013,1472.05,488474720
01/10/2013,1472.12,569101632
01/09/2013,1461.02,507352352
01/08/2013,1457.15,546030208
01/07/2013,1461.89,490281856
01/04/2013,1466.47,499318240
01/03/2013,1459.37,576168384
01/02/2013,1462.42,680468864
12/31/2012,1426.19,601105600
12/28/2012,1402.43,411216000
12/27/2012,1418.1,445660128
12/26/2012,1419.83,363632128
12/24/2012,1426.66,227982672
12/21/2012,1430.15,1538060928
12/20/2012,1443.69,532168256
12/19/2012,1435.81,576888960
12/18/2012,1446.79,655620160
12/17/2012,1430.36,584239232
12/14/2012,1413.58,533732544
12/13/2012,1419.45,522071744
12/12/2012,1428.48,569768192
12/11/2012,1427.84,590599296
12/10/2012,1418.55,488123616
12/07/2012,1418.07,487081632
12/06/2012,1413.94,523123968
12/05/2012,1409.28,628384384
12/04/2012,1407.05,559464768
12/03/2012,1409.46,540951936
11/30/2012,1416.18,855038976
11/29/2012,1415.95,531923072
11/28/2012,1409.93,577114240
11/27/2012,1398.94,550774464
11/26/2012,1406.29,532653760
11/23/2012,1409.15,248312176
11/21/2012,1391.03,408807168
11/20/2012,1387.81,529088608
11/19/2012,1386.89,589446592
11/16/2012,1359.88,866366592
11/15/2012,1353.33,631895680
11/14/2012,1355.49,688834496
11/13/2012,1374.53,575005888
11/12/2012,1380.03,300848480
11/09/2012,1379.85,595168960
11/08/2012,1377.51,628285504
11/07/2012,1394.53,712068608
11/06/2012,1428.39,564275776
11/05/2012,1417.26,485471520
11/02/2012,1414.2,629411968
11/01/2012,1427.59,616103488
10/31/2012,1412.16,669957888
10/26/2012,1411.94,624422848
10/25/2012,1412.97,577411712
10/24/2012,1408.75,561183104
10/23/2012,1413.11,608605312
10/22/2012,1433.82,537693504
10/19/2012,1433.19,909848512
10/18/2012,1457.34,586051968
10/17/2012,1460.91,568299648
10/16/2012,1454.92,502770016
10/15/2012,1440.13,505754464
10/12/2012,1428.59,523055968
10/11/2012,1432.84,506534624
10/10/2012,1432.56,463834208
10/09/2012,1441.48,487372224
10/08/2012,1455.88,359194368
10/05/2012,1460.93,485459808
10/04/2012,1461.4,510423104
10/03/2012,1450.99,522672672
10/02/2012,1445.75,468189248
10/01/2012,1444.49,528217568
09/28/2012,1440.67,640858624
09/27/2012,1447.15,498622656
09/26/2012,1433.32,545300736
09/25/2012,1441.59,609070336
09/24/2012,1456.89,509947968
09/21/2012,1460.15,1501955072
09/20/2012,1460.26,541019392
09/19/2012,1461.05,536734496
09/18/2012,1459.32,518979296
09/17/2012,1461.19,525147488
09/14/2012,1465.77,745929984
09/13/2012,1459.99,617087360
09/12/2012,1436.56,509502880
09/11/2012,1433.57,527348704
09/10/2012,1429.08,494991808
09/07/2012,1437.92,550364736
09/06/2012,1432.12,577384896
09/05/2012,1403.43,485651136
09/04/2012,1404.94,479796288
08/31/2012,1406.58,575151936
08/30/2012,1399.48,406387488
08/29/2012,1410.49,408841248
08/28/2012,1409.3,410787872
08/27/2012,1410.44,421847040
08/24/2012,1411.13,432340000
08/23/2012,1402.08,462197984
08/22/2012,1413.49,508463360
08/21/2012,1413.17,531114464
08/20/2012,1418.13,443600736
08/17/2012,1418.16,600927168
08/16/2012,1415.51,521541216
08/15/2012,1405.53,438823200
08/14/2012,1403.93,453956448
08/13/2012,1404.11,396726848
08/10/2012,1405.87,490295584
08/09/2012,1402.8,456085664
08/08/2012,1402.22,472937824
08/07/2012,1401.35,533384416
08/06/2012,1394.23,486460096
08/03/2012,1390.99,558787136
08/02/2012,1365,625895104
08/01/2012,1375.14,703061120
07/31/2012,1379.32,679418368
07/30/2012,1385.3,492528736
07/27/2012,1385.97,751211840
07/26/2012,1360.02,714242048
07/25/2012,1337.89,653733632
07/24/2012,1338.31,632833408
07/23/2012,1350.52,602347072
07/20/2012,1362.66,863626752
07/19/2012,1376.51,643162944
07/18/2012,1372.78,589123776
07/17/2012,1363.67,577939392
07/16/2012,1353.64,471627040
07/13/2012,1356.78,530837248
07/12/2012,1334.76,611763840
07/11/2012,1341.46,606265408
07/10/2012,1341.47,568883904
07/09/2012,1352.46,496238944
07/06/2012,1354.68,483174464
07/05/2012,1367.58,499612000
07/03/2012,1374.02,340459616
07/02/2012,1365.51,550391104
06/29/2012,1362.16,862205952
06/28/2012,1329.04,701561344
06/27/2012,1331.85,508537824
06/26/2012,1319.99,557936512
06/25/2012,1313.72,605834880
06/22/2012,1335.02,937475264
06/21/2012,1325.51,687558976
06/20/2012,1355.69,582090944
06/19/2012,1357.98,594853952
06/18/2012,1344.78,548918336
06/15/2012,1342.84,1149111552
06/14/2012,1329.1,616595840
06/13/2012,1314.88,566078592
06/12/2012,1324.18,586248896
06/11/2012,1308.93,578636160
06/08/2012,1325.66,539308864
06/07/2012,1314.99,658585792
06/06/2012,1315.13,666071424
06/05/2012,1285.5,564873408
06/04/2012,1278.18,647897664
06/01/2012,1278.05,794839104
05/31/2012,1310.33,951090816
05/30/2012,1313.32,590658240
05/29/2012,1332.42,560752832
05/25/2012,1317.82,458230528
05/24/2012,1320.68,624818240
05/23/2012,1318.86,710563648
05/22/2012,1316.63,649988224
05/21/2012,1315.99,660701760
05/18/2012,1295.22,999102144
05/17/2012,1304.86,693854080
05/16/2012,1324.8,677159360
05/15/2012,1330.66,665603904
05/14/2012,1338.35,641538624
05/11/2012,1353.39,627982912
05/10/2012,1357.99,657005760
05/09/2012,1354.58,728912448
05/08/2012,1363.72,690165760
05/07/2012,1369.58,586001024
05/04/2012,1369.1,596064448
05/03/2012,1391.57,589986496
05/02/2012,1402.31,554809152
05/01/2012,1405.82,573667392
04/30/2012,1397.91,614539008
04/27/2012,1403.36,582286848
04/26/2012,1399.98,599315136
04/25/2012,1390.69,641079296
04/24/2012,1371.97,617978304
04/23/2012,1366.94,642154880
04/20/2012,1378.53,887960832
04/19/2012,1376.92,676165056
04/18/2012,1385.14,582061888
04/17/2012,1390.78,566529216
04/16/2012,1369.57,596952128
04/13/2012,1370.26,631237824
04/12/2012,1387.57,547368832
04/11/2012,1368.71,593003200
04/10/2012,1358.59,733544256
04/09/2012,1382.2,538616704
04/05/2012,1398.08,595254336
04/04/2012,1398.96,640463488
04/03/2012,1413.38,652731648
04/02/2012,1419.04,588870656
03/30/2012,1408.47,755153792
03/29/2012,1403.28,628170560
03/28/2012,1405.54,645212416
03/27/2012,1412.52,562274112
03/26/2012,1416.51,565915584
03/23/2012,1397.11,576321792
03/22/2012,1392.79,580947520
03/21/2012,1402.9,589411968
03/20/2012,1405.52,560849536
03/19/2012,1409.75,558778368
03/16/2012,1404.17,1362302336
03/15/2012,1402.6,677947840
03/14/2012,1394.28,688684032
03/13/2012,1395.95,684474432
03/12/2012,1371.09,481857344